[{"type":"Folder","path":"/home/makerspace-gt/workshops/BackupParty/images/","metahash":"pcEjHuxtpn/Uti1ukUKMmyWqYLBP8pI9n7S6Zd9NpJs=","metasize":200,"metablockhash":"pcEjHuxtpn/Uti1ukUKMmyWqYLBP8pI9n7S6Zd9NpJs="},{"type":"File","path":"/home/makerspace-gt/workshops/BackupParty/BackupParty.kdbx","hash":"i8z+vDeFrsciabgxfIMrze55xd3YCK0kVuhc3jDFjGg=","size":1118,"time":"20190921T062741Z","metahash":"e5PwbIXywzmUL4X5kdCFqC867tn99JdiAoYBP/Kzd1c=","metasize":197},{"type":"File","path":"/home/makerspace-gt/workshops/BackupParty/Schlüsseldatei","hash":"kJdweIlAk2O9E3W4SDVBpoBR8QHDNqdDzaHvla54V3U=","size":128,"time":"20190921T062714Z","metahash":"GQbQIzIDF8Xv7/Qxpn0qCOuHrvor8/dJtZwnz5QUUyo=","metasize":197},{"type":"File","path":"/home/makerspace-gt/workshops/BackupParty/images/by-sa.svg","hash":"mQiXOyfRIBjQZ+HPn2hEzFlawSQonqluKzVQoJyra4U=","size":15982,"time":"20190920T175847Z","metahash":"FvNE2XDv735P/BAm/MxvGirAztQ/f08uuoU0qqNAcpM=","metasize":197}]