[{"type":"Folder","path":"/home/makerspace-gt/workshops/BackupParty/images/","metahash":"pcEjHuxtpn/Uti1ukUKMmyWqYLBP8pI9n7S6Zd9NpJs=","metasize":200,"metablockhash":"pcEjHuxtpn/Uti1ukUKMmyWqYLBP8pI9n7S6Zd9NpJs="},{"type":"File","path":"/home/makerspace-gt/workshops/BackupParty/BackupParty.kdbx","hash":"7jJfzNIbDiuNkVezrK+OSd4kqsUg/XeqHEMKWiX84Ac=","size":1406,"time":"20190921T065639Z","metahash":"P4FtChTYreNIO4YGCXcP0WSPIdLo6aLE/mjaf0M3HrU=","metasize":197},{"type":"File","path":"/home/makerspace-gt/workshops/BackupParty/Schlüsseldatei","hash":"kJdweIlAk2O9E3W4SDVBpoBR8QHDNqdDzaHvla54V3U=","size":128,"time":"20190921T062714Z","metahash":"GQbQIzIDF8Xv7/Qxpn0qCOuHrvor8/dJtZwnz5QUUyo=","metasize":197},{"type":"File","path":"/home/makerspace-gt/workshops/BackupParty/images/by-sa.svg","hash":"mQiXOyfRIBjQZ+HPn2hEzFlawSQonqluKzVQoJyra4U=","size":15982,"time":"20190920T175847Z","metahash":"FvNE2XDv735P/BAm/MxvGirAztQ/f08uuoU0qqNAcpM=","metasize":197}]